year,month,contracts,value_amd,share_of_year_count_pct,share_of_year_value_pct,index_vs_even_month_count,index_vs_even_month_value,single_source_contracts,single_source_share_of_count_pct,single_source_value_amd,single_source_share_of_month_value_pct,urgent_contracts,urgent_share_of_count_pct,urgent_value_amd,urgent_share_of_month_value_pct,urgent_open_tender_value_amd,top_buyer_of_month,top_buyer_share_of_month_value_pct,year_contracts,year_value_amd
2018,01,2096,83655690731,13.99,38.81,1.68,4.66,1514,72.23,74653747519,89.24,10,0.48,1527528666,1.83,1527528666,Ministry Of health of the Republic of Armenia,73.19,14985,215550862785
2018,02,1384,20016186779,9.24,9.29,1.11,1.11,649,46.89,14962415129,74.75,8,0.58,418500340,2.09,404754340,Ministry of defense of the Republic of Armenia,67.09,14985,215550862785
2018,03,1743,19898946514,11.63,9.23,1.4,1.11,622,35.69,6199215719,31.15,33,1.89,1481539809,7.45,1478200909,Ministry of defense of the Republic of Armenia,64.62,14985,215550862785
2018,04,1772,19275914345,11.83,8.94,1.42,1.07,584,32.96,3685809792,19.12,15,0.85,1471721766,7.64,1447257466,Ministry of defense of the Republic of Armenia,44.26,14985,215550862785
2018,05,1564,21971344242,10.44,10.19,1.25,1.22,396,25.32,1595472643,7.26,37,2.37,5565236458,25.33,5517951850,Ministry of defense of the Republic of Armenia,38.41,14985,215550862785
2018,06,1137,9355094922,7.59,4.34,0.91,0.52,343,30.17,2508672200,26.82,22,1.93,1384255470,14.8,1382273670,UNIFIED SOCIAL SERVICE,22.38,14985,215550862785
2018,07,1056,6921416254,7.05,3.21,0.85,0.39,297,28.13,962209783,13.9,11,1.04,760451217,10.99,669792305,Ministry of High-Tech Industry and Artificial Intelligence of the RA,24.16,14985,215550862785
2018,08,717,9779694185,4.78,4.54,0.57,0.54,235,32.78,564134678,5.77,21,2.93,4229727430,43.25,4229507430,Ministry of defense of the Republic of Armenia,38.32,14985,215550862785
2018,09,620,3658022886,4.14,1.7,0.5,0.2,306,49.35,738883137,20.2,7,1.13,324853075,8.88,322983075,City planning Committee of the Republic of Armenia,31.73,14985,215550862785
2018,10,744,6632213209,4.96,3.08,0.6,0.37,357,47.98,668913666,10.09,11,1.48,3834772868,57.82,3834772868,Ministry of defense of the Republic of Armenia,25.73,14985,215550862785
2018,11,870,6936525088,5.81,3.22,0.7,0.39,413,47.47,3902932886,56.27,17,1.95,621416764,8.96,543214334,Ministry of Internal Affairs of the Republic of Armenia,54.43,14985,215550862785
2018,12,1282,7449813630,8.56,3.46,1.03,0.41,554,43.21,1756419899,23.58,29,2.26,1451802370,19.49,932893600,Ministry of defense of the Republic of Armenia,37.01,14985,215550862785
2019,01,1792,81018819266,9.91,33.56,1.19,4.03,1368,76.34,71146684313,87.82,3,0.17,271118056,0.33,271118056,Ministry Of health of the Republic of Armenia,71.92,18075,241418565928
2019,02,1301,18208771904,7.2,7.54,0.86,0.91,718,55.19,7546816816,41.45,1,0.08,324000000,1.78,324000000,State Revenue Committee State Revenue Committee of the Republic of Armenia,29.28,18075,241418565928
2019,03,1445,7574402839,7.99,3.14,0.96,0.38,598,41.38,1345992384,17.77,36,2.49,447864343,5.91,390500000,Ministry of defense of the Republic of Armenia,30.14,18075,241418565928
2019,04,2029,7973442587,11.23,3.3,1.35,0.4,569,28.04,1051397300,13.19,26,1.28,1277173499,16.02,1256384260,Ministry of defense of the Republic of Armenia,22.24,18075,241418565928
2019,05,2183,8220845484,12.08,3.41,1.45,0.41,536,24.55,1398457469,17.01,65,2.98,1667674836,20.29,986248662,Ministry of defense of the Republic of Armenia,26.61,18075,241418565928
2019,06,1552,12197897880,8.59,5.05,1.03,0.61,407,26.22,1187000564,9.73,55,3.54,4553072061,37.33,4416756568,Ministry of defense of the Republic of Armenia,32.12,18075,241418565928
2019,07,1422,20043076681,7.87,8.3,0.94,1,374,26.3,4996771052,24.93,73,5.13,8807522231,43.94,7290987091,Ministry of defense of the Republic of Armenia,37.04,18075,241418565928
2019,08,1021,13285645756,5.65,5.5,0.68,0.66,297,29.09,1059132453,7.97,66,6.46,7336295339,55.22,6997477719,Ministry Territorial Administration and Infrastructure of the Republic of Armenia,54.85,18075,241418565928
2019,09,1060,28434727399,5.86,11.78,0.7,1.41,378,35.66,11532661666,40.56,68,6.42,20804267354,73.16,10000587582,Ministry Territorial Administration and Infrastructure of the Republic of Armenia,38.89,18075,241418565928
2019,10,1188,9823591296,6.57,4.07,0.79,0.49,547,46.04,1723965345,17.55,33,2.78,5481375469,55.8,4389639999,Ministry of defense of the Republic of Armenia,37.87,18075,241418565928
2019,11,1108,11453977844,6.13,4.74,0.74,0.57,441,39.8,2180890934,19.04,50,4.51,5580180281,48.72,4516228836,Ministry Of health of the Republic of Armenia,29.69,18075,241418565928
2019,12,1974,23183366992,10.92,9.6,1.31,1.15,684,34.65,6948911677,29.97,69,3.5,6920625151,29.85,4542761010,Ministry Of health of the Republic of Armenia,29.01,18075,241418565928
2020,01,2080,96615391717,11.32,23.85,1.36,2.86,1273,61.2,80723447292,83.55,16,0.77,3315284445,3.43,3307172445,Ministry Of health of the Republic of Armenia,68.18,18376,405043910938
2020,02,1669,15667762863,9.08,3.87,1.09,0.46,745,44.64,2816211359,17.97,46,2.76,2716370717,17.34,2657196617,Ministry of defense of the Republic of Armenia,29.15,18376,405043910938
2020,03,1999,11394305212,10.88,2.81,1.31,0.34,675,33.77,2696349082,23.66,61,3.05,2515397571,22.08,1097395627,Ministry of defense of the Republic of Armenia,15.91,18376,405043910938
2020,04,1527,7357358413,8.31,1.82,1,0.22,355,23.25,1668917221,22.68,86,5.63,1498743166,20.37,609418777,Ministry of defense of the Republic of Armenia,26,18376,405043910938
2020,05,1381,32746016576,7.52,8.08,0.9,0.97,502,36.35,2386702340,7.29,146,10.57,2153225375,6.58,1051963665,Ministry Territorial Administration and Infrastructure of the Republic of Armenia,67.96,18376,405043910938
2020,06,1378,14790441665,7.5,3.65,0.9,0.44,519,37.66,3521887274,23.81,113,8.2,3713917237,25.11,1711643537,Yerevan municipality,41.73,18376,405043910938
2020,07,1347,19079800778,7.33,4.71,0.88,0.57,426,31.63,5605892520,29.38,101,7.5,9781393310,51.27,8944548306,Ministry Territorial Administration and Infrastructure of the Republic of Armenia,27.26,18376,405043910938
2020,08,1261,32777066436,6.86,8.09,0.82,0.97,460,36.48,735622080,2.24,110,8.72,7689744694,23.46,7278499926,City planning Committee of the Republic of Armenia,51.88,18376,405043910938
2020,09,1169,35273028169,6.36,8.71,0.76,1.05,431,36.87,1393234977,3.95,70,5.99,5215954726,14.79,4993062596,City planning Committee of the Republic of Armenia,67.75,18376,405043910938
2020,10,1120,9885665254,6.09,2.44,0.73,0.29,491,43.84,2071626985,20.96,106,9.46,1949814858,19.72,739144116,City planning Committee of the Republic of Armenia,59.22,18376,405043910938
2020,11,1141,11868915274,6.21,2.93,0.75,0.35,506,44.35,1191762580,10.04,123,10.78,7168175927,60.39,6484899043,City planning Committee of the Republic of Armenia,71.1,18376,405043910938
2020,12,2304,117588158582,12.54,29.03,1.5,3.48,1578,68.49,84057272710,71.48,124,5.38,22803502915,19.39,22125024818,Ministry Of health of the Republic of Armenia,64.03,18376,405043910938
2021,01,1260,11388956671,6.11,3.53,0.73,0.42,551,43.73,2499840154,21.95,50,3.97,3633894885,31.91,3340322562,City planning Committee of the Republic of Armenia,19.54,20621,322210153447
2021,02,2012,20769207180,9.76,6.45,1.17,0.77,719,35.74,2444369159,11.77,33,1.64,534321206,2.57,326014700,Ministry Territorial Administration and Infrastructure of the Republic of Armenia,30.4,20621,322210153447
2021,03,1822,10974269991,8.84,3.41,1.06,0.41,616,33.81,4117315299,37.52,51,2.8,1663474176,15.16,975461596,«Հայկական ատոմային էլեկտրակայան» ՓԲԸ,18.55,20621,322210153447
2021,04,1894,39712098511,9.18,12.32,1.1,1.48,575,30.36,2956311657,7.44,90,4.75,4899753673,12.34,3092632590,City planning Committee of the Republic of Armenia,56.16,20621,322210153447
2021,05,1665,24623227870,8.07,7.64,0.97,0.92,547,32.85,2608038520,10.59,52,3.12,3926493979,15.95,3118316439,State Revenue Committee State Revenue Committee of the Republic of Armenia,22.36,20621,322210153447
2021,06,1596,33773862674,7.74,10.48,0.93,1.26,433,27.13,2527266809,7.48,50,3.13,16859613558,49.92,16313505888,Ministry Territorial Administration and Infrastructure of the Republic of Armenia,42.9,20621,322210153447
2021,07,1153,27718923875,5.59,8.6,0.67,1.03,343,29.75,8815806638,31.8,37,3.21,17758619508,64.07,9345966155,Ministry Territorial Administration and Infrastructure of the Republic of Armenia,41.42,20621,322210153447
2021,08,1286,30601709406,6.24,9.5,0.75,1.14,402,31.26,2627316557,8.59,42,3.27,10498272456,34.31,8736114415,Ministry Territorial Administration and Infrastructure of the Republic of Armenia,37.61,20621,322210153447
2021,09,1760,27052330913,8.53,8.4,1.02,1.01,400,22.73,1979763344,7.32,40,2.27,6585297814,24.34,5003912914,City planning Committee of the Republic of Armenia,43.81,20621,322210153447
2021,10,1421,21635389002,6.89,6.71,0.83,0.81,462,32.51,5326434353,24.62,26,1.83,9513393209,43.97,7705108419,City planning Committee of the Republic of Armenia,32.8,20621,322210153447
2021,11,1963,10857683537,9.52,3.37,1.14,0.4,547,27.87,2531991955,23.32,28,1.43,2763711135,25.45,1029792362,Ministry of defense of the Republic of Armenia,23.14,20621,322210153447
2021,12,2789,63102493818,13.53,19.58,1.62,2.35,683,24.49,29523387668,46.79,78,2.8,23756475701,37.65,4417930513,Ministry Territorial Administration and Infrastructure of the Republic of Armenia,31.94,20621,322210153447
2022,01,2749,87970345927,11.09,15.09,1.33,1.81,1160,42.2,53590162292,60.92,33,1.2,2282836885,2.6,2278096885,Ministry Of health of the Republic of Armenia,56.1,24797,582804278663
2022,02,2685,62184217398,10.83,10.67,1.3,1.28,750,27.93,13082517194,21.04,17,0.63,4843167292,7.79,1493575599,"Ministry of education, science, culture and sports of the Republic of Armenia",28.19,24797,582804278663
2022,03,2536,40135437836,10.23,6.89,1.23,0.83,698,27.52,8172228981,20.36,55,2.17,11895447862,29.64,5209371083,City planning Committee of the Republic of Armenia,34.12,24797,582804278663
2022,04,1912,46895825031,7.71,8.05,0.93,0.97,584,30.54,1640296974,3.5,21,1.1,1395099680,2.97,1314968680,City planning Committee of the Republic of Armenia,52.42,24797,582804278663
2022,05,1764,20417553009,7.11,3.5,0.85,0.42,560,31.75,2237641376,10.96,71,4.02,6484226521,31.76,6203755584,Ministry Territorial Administration and Infrastructure of the Republic of Armenia,22.06,24797,582804278663
2022,06,1862,35663176633,7.51,6.12,0.9,0.73,607,32.6,1726445705,4.84,80,4.3,6000909852,16.83,4800927658,City planning Committee of the Republic of Armenia,23.4,24797,582804278663
2022,07,1352,40703506224,5.45,6.98,0.65,0.84,483,35.72,3710629112,9.12,62,4.59,5236671321,12.87,5114236723,Ministry Territorial Administration and Infrastructure of the Republic of Armenia,29.03,24797,582804278663
2022,08,1542,46595802902,6.22,8,0.75,0.96,451,29.25,4529395260,9.72,89,5.77,21784008763,46.75,18378150400,Ministry Territorial Administration and Infrastructure of the Republic of Armenia,40.63,24797,582804278663
2022,09,1854,50715961875,7.48,8.7,0.9,1.04,492,26.54,9089901573,17.92,79,4.26,18130326307,35.75,10347423368,Ministry Territorial Administration and Infrastructure of the Republic of Armenia,43.73,24797,582804278663
2022,10,1922,52382703216,7.75,8.99,0.93,1.08,575,29.92,4239144423,8.09,94,4.89,13252541838,25.3,12845559693,City planning Committee of the Republic of Armenia,30.21,24797,582804278663
2022,11,2162,59873167175,8.72,10.27,1.05,1.23,654,30.25,8794505627,14.69,110,5.09,20588583888,34.39,16919349380,«Հոգեկան առողջության պահպանման ազգային կենտրոն» ՓԲԸ,36.63,24797,582804278663
2022,12,2457,39266581436,9.91,6.74,1.19,0.81,824,33.54,12939940175,32.95,89,3.62,5821423301,14.83,2211074828,SI “ADMINISTRATION OF THE COUNCIL OF PUBLIC BROADCASTER”,19.1,24797,582804278663
2023,01,3620,141284571650,12.52,22.27,1.5,2.67,1570,43.37,83645226899,59.2,42,1.16,1502687097,1.06,1374469197,Ministry Of health of the Republic of Armenia,56.15,28907,634305333457
2023,02,2615,48685362416,9.05,7.68,1.09,0.92,881,33.69,9831679024,20.19,116,4.44,8324039057,17.1,7055484888,Ministry Of health of the Republic of Armenia,22.55,28907,634305333457
2023,03,2883,50582308758,9.97,7.97,1.2,0.96,787,27.3,10754369470,21.26,73,2.53,24410402937,48.26,15644762457,Ministry Territorial Administration and Infrastructure of the Republic of Armenia,50.92,28907,634305333457
2023,04,2570,32937190058,8.89,5.19,1.07,0.62,912,35.49,3016461004,9.16,52,2.02,6516451783,19.78,6375009383,Yerevan municipality,30.07,28907,634305333457
2023,05,2415,64815603129,8.35,10.22,1,1.23,661,27.37,2147172883,3.31,95,3.93,20360201174,31.41,19305386329,Ministry Territorial Administration and Infrastructure of the Republic of Armenia,32.91,28907,634305333457
2023,06,2093,39201111789,7.24,6.18,0.87,0.74,586,28,2009236867,5.13,103,4.92,14087565885,35.94,13397260654,Ministry Territorial Administration and Infrastructure of the Republic of Armenia,23.31,28907,634305333457
2023,07,1949,68594775294,6.74,10.81,0.81,1.3,561,28.78,1063002267,1.55,93,4.77,23163604057,33.77,22823820011,Ministry Territorial Administration and Infrastructure of the Republic of Armenia,41.18,28907,634305333457
2023,08,1667,41258620118,5.77,6.5,0.69,0.78,476,28.55,9312121140,22.57,86,5.16,19093325948,46.28,15043330245,Ministry Territorial Administration and Infrastructure of the Republic of Armenia,39.39,28907,634305333457
2023,09,1470,27498665273,5.09,4.34,0.61,0.52,484,32.93,1544368194,5.62,74,5.03,10923045854,39.72,10774198392,Ministry Territorial Administration and Infrastructure of the Republic of Armenia,28.75,28907,634305333457
2023,10,2654,29900447434,9.18,4.71,1.1,0.57,1391,52.41,4911667935,16.43,605,22.8,13132244484,43.92,11550885359,Ministry Territorial Administration and Infrastructure of the Republic of Armenia,28.6,28907,634305333457
2023,11,2235,42480803456,7.73,6.7,0.93,0.8,814,36.42,1554456259,3.66,194,8.68,3865176181,9.1,3301495293,City planning Committee of the Republic of Armenia,37.54,28907,634305333457
2023,12,2736,47065874080,9.46,7.42,1.14,0.89,961,35.12,5368987285,11.41,169,6.18,12810621296,27.22,11782283385,Ministry Territorial Administration and Infrastructure of the Republic of Armenia,35.23,28907,634305333457
2024,01,3163,74435595432,9.67,9.01,1.16,1.08,725,22.92,12510642982,16.81,51,1.61,4606561723,6.19,4488348145,"Ministry of education, science, culture and sports of the Republic of Armenia",24.06,32709,825822923836
2024,02,3078,121311099696,9.41,14.69,1.13,1.76,882,28.65,12363611155,10.19,92,2.99,61921008594,51.04,61773158320,City planning Committee of the Republic of Armenia,46.35,32709,825822923836
2024,03,3395,102617169745,10.38,12.43,1.25,1.49,756,22.27,5906282529,5.76,92,2.71,46904550360,45.71,44074773937,Ministry Territorial Administration and Infrastructure of the Republic of Armenia,37.86,32709,825822923836
2024,04,3218,58857712824,9.84,7.13,1.18,0.86,735,22.84,1856360061,3.15,80,2.49,30628167109,52.04,30549163141,Ministry Territorial Administration and Infrastructure of the Republic of Armenia,34.44,32709,825822923836
2024,05,2428,84067609843,7.42,10.18,0.89,1.22,592,24.38,1831112724,2.18,91,3.75,33494311254,39.84,33134245393,Ministry Territorial Administration and Infrastructure of the Republic of Armenia,46.9,32709,825822923836
2024,06,2292,55937004558,7.01,6.77,0.84,0.81,632,27.57,1729870689,3.09,107,4.67,34105937337,60.97,33868067314,Armenian Territorial Development Fund,48.2,32709,825822923836
2024,07,2553,78988121545,7.81,9.56,0.94,1.15,593,23.23,2241893494,2.84,89,3.49,12119287156,15.34,11308630003,City planning Committee of the Republic of Armenia,45.6,32709,825822923836
2024,08,2095,25801973953,6.4,3.12,0.77,0.37,491,23.44,648557379,2.51,84,4.01,5799228030,22.48,5660430730,Ministry Territorial Administration and Infrastructure of the Republic of Armenia,23.71,32709,825822923836
2024,09,2538,57141694627,7.76,6.92,0.93,0.83,720,28.37,5143983319,9,89,3.51,23940892454,41.9,20263713314,Ministry Territorial Administration and Infrastructure of the Republic of Armenia,41.89,32709,825822923836
2024,10,2395,31941875390,7.32,3.87,0.88,0.46,780,32.57,4190882210,13.12,99,4.13,13312398406,41.68,11824075401,Ministry Territorial Administration and Infrastructure of the Republic of Armenia,33.93,32709,825822923836
2024,11,2170,52952175738,6.63,6.41,0.8,0.77,591,27.24,3634626332,6.86,95,4.38,36431318282,68.8,34310856218,Armenian Territorial Development Fund,58.54,32709,825822923836
2024,12,3384,81770890485,10.35,9.9,1.24,1.19,1034,30.56,4258651009,5.21,155,4.58,44152371501,54,42727843721,«Հայաստանի տարածքային զարգացման հիմնադրամ»,49.49,32709,825822923836
2025,01,2987,62607574845,8.81,8.56,1.06,1.03,712,23.84,12610178234,20.14,43,1.44,4361677026,6.97,3806808599,SI “ADMINISTRATION OF THE COUNCIL OF PUBLIC BROADCASTER”,12.04,33899,731059555017
2025,02,3436,203128154518,10.14,27.79,1.22,3.33,973,28.32,5413650472,2.67,227,6.61,143648341320,70.72,142984960982,Armenian Territorial Development Fund,66.08,33899,731059555017
2025,03,3319,40552360500,9.79,5.55,1.17,0.67,941,28.35,2926436330,7.22,90,2.71,7894315686,19.47,7668448151,Armenian Territorial Development Fund,15.54,33899,731059555017
2025,04,2817,49783499817,8.31,6.81,1,0.82,844,29.96,8386499200,16.85,96,3.41,7689081270,15.45,6706766850,Ministry Territorial Administration and Infrastructure of the Republic of Armenia,33.97,33899,731059555017
2025,05,2625,61865541842,7.74,8.46,0.93,1.02,737,28.08,3039843441,4.91,76,2.9,8264568992,13.36,6895250347,Ministry Territorial Administration and Infrastructure of the Republic of Armenia,51.87,33899,731059555017
2025,06,2714,72418610881,8.01,9.91,0.96,1.19,837,30.84,3938022449,5.44,139,5.12,21519200300,29.72,18771040322,Ministry Territorial Administration and Infrastructure of the Republic of Armenia,40.58,33899,731059555017
2025,07,2529,36320299623,7.46,4.97,0.9,0.6,618,24.44,5314817416,14.63,141,5.58,19461637032,53.58,14531562237,Ministry Territorial Administration and Infrastructure of the Republic of Armenia,24.04,33899,731059555017
2025,08,2078,47206452240,6.13,6.46,0.74,0.77,553,26.61,2681169727,5.68,143,6.88,24214065604,51.29,22971483423,Armenian Territorial Development Fund,23.62,33899,731059555017
2025,09,2642,33550764166,7.79,4.59,0.94,0.55,802,30.36,7593505134,22.63,106,4.01,11973135481,35.69,10927788367,State Property management Committee of the Ministry of territorial administration and infrastructure of the Republic of Armenia,17.3,33899,731059555017
2025,10,2783,44479979491,8.21,6.08,0.99,0.73,924,33.2,1863463493,4.19,99,3.56,16681496964,37.5,16272611276,City planning Committee of the Republic of Armenia,29.08,33899,731059555017
2025,11,2801,34530076672,8.26,4.72,0.99,0.57,744,26.56,8558441956,24.79,71,2.53,9252881200,26.8,7832200257,Higher Education and Science Committee,19.45,33899,731059555017
2025,12,3168,44616240423,9.35,6.1,1.12,0.73,1070,33.78,5295548742,11.87,96,3.03,8619453934,19.32,7710938104,Ministry Of health of the Republic of Armenia,13.68,33899,731059555017
2026,01,2647,60948926481,12.17,10.84,1.46,1.3,758,28.64,14064548836,23.08,39,1.47,3069239704,5.04,2997872504,"Ministry of education, science, culture and sports of the Republic of Armenia",13.23,21742,562056781510
2026,02,3270,258222788084,15.04,45.94,1.8,5.51,1083,33.12,9837031605,3.81,122,3.73,13344433263,5.17,9925161180,Armenian Territorial Development Fund,64.39,21742,562056781510
2026,03,3773,53617736545,17.35,9.54,2.08,1.14,1054,27.94,4648228777,8.67,161,4.27,21829531977,40.71,20564675320,Armenian Territorial Development Fund,40.4,21742,562056781510
2026,04,3085,44883599407,14.19,7.99,1.7,0.96,937,30.37,11880868014,26.47,109,3.53,6662813282,14.84,5731809784,Ministry of High-Tech Industry and Artificial Intelligence of the RA,22.87,21742,562056781510
2026,05,2833,36173793377,13.03,6.44,1.56,0.77,769,27.14,7742251268,21.4,76,2.68,7775367083,21.49,6140544597,Yerevan municipality,20.64,21742,562056781510
2026,06,2593,39780769839,11.93,7.08,1.43,0.85,794,30.62,3494702664,8.78,88,3.39,13997836324,35.19,13264464054,City planning Committee of the Republic of Armenia,15.36,21742,562056781510
2026,07,1995,27262401641,9.18,4.85,1.1,0.58,674,33.78,837418139,3.07,58,2.91,9272351751,34.01,8823060588,Ashtarak community municipality,12.57,21742,562056781510
2026,08,1450,39528910094,6.67,7.03,0.8,0.84,461,31.79,16029862290,40.55,53,3.66,4432474743,11.21,3618401640,Probation Service,29.3,21742,562056781510
2026,09,73,1462498863,0.34,0.26,0.04,0.03,21,28.77,24758020,1.69,3,4.11,521031600,35.63,520845600,Armenian Territorial Development Fund,39.45,21742,562056781510
2026,10,6,76503583,0.03,0.01,0,0,1,16.67,63000,0.08,0,0,0,0,0,"Ministry of education, science, culture and sports of the Republic of Armenia",74.02,21742,562056781510
2026,11,4,4462000,0.02,0,0,0,0,0,0,0,0,0,0,0,0,Ministry Of health of the Republic of Armenia,72.88,21742,562056781510
2026,12,13,94391596,0.06,0.02,0.01,0,1,7.69,32000,0.03,0,0,0,0,0,Ministry Territorial Administration and Infrastructure of the Republic of Armenia,50.2,21742,562056781510
2018-2025 pooled,01,19747,638976946239,10.27,16.14,1.23,1.94,8873,44.93,391379929685,61.25,248,1.26,21501588783,3.37,20393864555,,0,192369,3958215584070
2018-2025 pooled,02,18180,509970762754,9.45,12.88,1.13,1.55,6317,34.75,68461270308,13.42,540,2.97,222729748526,43.68,217019145446,,0,192369,3958215584070
2018-2025 pooled,03,19142,283729201394,9.95,7.17,1.19,0.86,5693,29.74,42118189794,14.84,491,2.57,97212992745,34.26,76538913761,,0,192369,3958215584070
2018-2025 pooled,04,17739,262793041586,9.22,6.64,1.11,0.8,5158,29.08,24262053209,9.23,466,2.63,55376191946,21.07,51351601147,,0,192369,3958215584070
2018-2025 pooled,05,16025,318727741995,8.33,8.05,1,0.97,4531,28.27,17244441395,5.41,633,3.95,81915938589,25.7,76213118268,,0,192369,3958215584070
2018-2025 pooled,06,14624,273337201002,7.6,6.91,0.91,0.83,4364,29.84,19148402557,7.01,669,4.57,102224471699,37.4,94661475611,,0,192369,3958215584070
2018-2025 pooled,07,13361,298369920273,6.95,7.54,0.83,0.9,3695,27.66,32711022282,10.96,607,4.54,97089185833,32.54,80029542831,,0,192369,3958215584070
2018-2025 pooled,08,11667,247306964996,6.06,6.25,0.73,0.75,3365,28.84,22157449273,8.96,641,5.49,100644668265,40.7,89294994288,,0,192369,3958215584070
2018-2025 pooled,09,13113,263325195309,6.82,6.65,0.82,0.8,4013,30.6,39016301344,14.82,533,4.06,97897773065,37.18,72633669608,,0,192369,3958215584070
2018-2025 pooled,10,14227,206681864292,7.4,5.22,0.89,0.63,5527,38.85,24996098410,12.09,1073,7.54,77158038096,37.33,69161797131,,0,192369,3958215584070
2018-2025 pooled,11,14450,230953324784,7.51,5.83,0.9,0.7,4710,32.6,32349608528,14.01,688,4.76,86271443658,37.35,74938035723,,0,192369,3958215584070
2018-2025 pooled,12,20094,424043419447,10.45,10.71,1.25,1.29,7388,36.77,150149119166,35.41,809,4.03,126336276169,29.79,96450749978,,0,192369,3958215584070
